{
  "noticias": [
    {
      "titulo": "Exploração espacial: missão Artemis II programada para 2024",
      "noticia": "A NASA anunciou que a missão Artemis II está em fase final de preparação, marcando um passo significativo na exploração da Lua."
    },
    {
      "titulo": "Avanço na Inteligência Artificial transforma mercado de trabalho",
      "noticia": "Especialistas discutem como a IA pode criar novas oportunidades, mas também exigirá requalificação de milhões de trabalhadores."
    },
    {
      "titulo": "Descoberto novo planeta potencialmente habitável",
      "noticia": "Cientistas identificam um exoplaneta na zona habitável de uma estrela a 100 anos-luz de distância."
    },
    {
      "titulo": "Iniciativa global busca combater poluição plástica nos oceanos",
      "noticia": "Governos e ONGs se unem para reduzir a poluição nos mares, com foco em reciclagem e redução de plásticos descartáveis."
    }
  ]
}

